{
  "canton": {
    "precision": 0.5,
    "recall": 1.0,
    "f1-score": 0.6666666666666666,
    "support": 4,
    "confused_with": {}
  },
  "parroquia": {
    "precision": 0.0,
    "recall": 0.0,
    "f1-score": 0.0,
    "support": 4,
    "confused_with": {
      "canton": 4
    }
  },
  "name": {
    "precision": 1.0,
    "recall": 1.0,
    "f1-score": 1.0,
    "support": 7,
    "confused_with": {}
  },
  "provincia": {
    "precision": 1.0,
    "recall": 1.0,
    "f1-score": 1.0,
    "support": 4,
    "confused_with": {}
  },
  "micro avg": {
    "precision": 0.7894736842105263,
    "recall": 0.7894736842105263,
    "f1-score": 0.7894736842105263,
    "support": 19
  },
  "macro avg": {
    "precision": 0.625,
    "recall": 0.75,
    "f1-score": 0.6666666666666666,
    "support": 19
  },
  "weighted avg": {
    "precision": 0.6842105263157895,
    "recall": 0.7894736842105263,
    "f1-score": 0.7192982456140351,
    "support": 19
  }
}